run_accession;sample_accession;fastq_ftp;sample_alias
DRR234835;SAMD00232030;"ftp.sra.ebi.ac.uk/vol1/fastq/DRR234/DRR234835/DRR234835_1.fastq.gz;ftp.sra.ebi.ac.uk/vol1/fastq/DRR234/DRR234835/DRR234835_2.fastq.gz";SAMD00232030
DRR234836;SAMD00232031;"ftp.sra.ebi.ac.uk/vol1/fastq/DRR234/DRR234836/DRR234836_1.fastq.gz;ftp.sra.ebi.ac.uk/vol1/fastq/DRR234/DRR234836/DRR234836_2.fastq.gz";SAMD00232031
DRR234837;SAMD00232032;"ftp.sra.ebi.ac.uk/vol1/fastq/DRR234/DRR234837/DRR234837_1.fastq.gz;ftp.sra.ebi.ac.uk/vol1/fastq/DRR234/DRR234837/DRR234837_2.fastq.gz";SAMD00232032
DRR234838;SAMD00232033;"ftp.sra.ebi.ac.uk/vol1/fastq/DRR234/DRR234838/DRR234838_1.fastq.gz;ftp.sra.ebi.ac.uk/vol1/fastq/DRR234/DRR234838/DRR234838_2.fastq.gz";SAMD00232033
DRR234839;SAMD00232034;"ftp.sra.ebi.ac.uk/vol1/fastq/DRR234/DRR234839/DRR234839_1.fastq.gz;ftp.sra.ebi.ac.uk/vol1/fastq/DRR234/DRR234839/DRR234839_2.fastq.gz";SAMD00232034
DRR234840;SAMD00232035;"ftp.sra.ebi.ac.uk/vol1/fastq/DRR234/DRR234840/DRR234840_1.fastq.gz;ftp.sra.ebi.ac.uk/vol1/fastq/DRR234/DRR234840/DRR234840_2.fastq.gz";SAMD00232035
DRR234841;SAMD00232036;"ftp.sra.ebi.ac.uk/vol1/fastq/DRR234/DRR234841/DRR234841_1.fastq.gz;ftp.sra.ebi.ac.uk/vol1/fastq/DRR234/DRR234841/DRR234841_2.fastq.gz";SAMD00232036
DRR234842;SAMD00232037;"ftp.sra.ebi.ac.uk/vol1/fastq/DRR234/DRR234842/DRR234842_1.fastq.gz;ftp.sra.ebi.ac.uk/vol1/fastq/DRR234/DRR234842/DRR234842_2.fastq.gz";SAMD00232037
DRR234843;SAMD00232038;"ftp.sra.ebi.ac.uk/vol1/fastq/DRR234/DRR234843/DRR234843_1.fastq.gz;ftp.sra.ebi.ac.uk/vol1/fastq/DRR234/DRR234843/DRR234843_2.fastq.gz";SAMD00232038
DRR234844;SAMD00232039;"ftp.sra.ebi.ac.uk/vol1/fastq/DRR234/DRR234844/DRR234844_1.fastq.gz;ftp.sra.ebi.ac.uk/vol1/fastq/DRR234/DRR234844/DRR234844_2.fastq.gz";SAMD00232039
DRR234845;SAMD00232040;"ftp.sra.ebi.ac.uk/vol1/fastq/DRR234/DRR234845/DRR234845_1.fastq.gz;ftp.sra.ebi.ac.uk/vol1/fastq/DRR234/DRR234845/DRR234845_2.fastq.gz";SAMD00232040
DRR234846;SAMD00232041;"ftp.sra.ebi.ac.uk/vol1/fastq/DRR234/DRR234846/DRR234846_1.fastq.gz;ftp.sra.ebi.ac.uk/vol1/fastq/DRR234/DRR234846/DRR234846_2.fastq.gz";SAMD00232041
DRR234847;SAMD00232042;"ftp.sra.ebi.ac.uk/vol1/fastq/DRR234/DRR234847/DRR234847_1.fastq.gz;ftp.sra.ebi.ac.uk/vol1/fastq/DRR234/DRR234847/DRR234847_2.fastq.gz";SAMD00232042
DRR234848;SAMD00232043;"ftp.sra.ebi.ac.uk/vol1/fastq/DRR234/DRR234848/DRR234848_1.fastq.gz;ftp.sra.ebi.ac.uk/vol1/fastq/DRR234/DRR234848/DRR234848_2.fastq.gz";SAMD00232043
DRR234849;SAMD00232044;"ftp.sra.ebi.ac.uk/vol1/fastq/DRR234/DRR234849/DRR234849_1.fastq.gz;ftp.sra.ebi.ac.uk/vol1/fastq/DRR234/DRR234849/DRR234849_2.fastq.gz";SAMD00232044
DRR234850;SAMD00232045;"ftp.sra.ebi.ac.uk/vol1/fastq/DRR234/DRR234850/DRR234850_1.fastq.gz;ftp.sra.ebi.ac.uk/vol1/fastq/DRR234/DRR234850/DRR234850_2.fastq.gz";SAMD00232045
DRR234851;SAMD00232046;"ftp.sra.ebi.ac.uk/vol1/fastq/DRR234/DRR234851/DRR234851_1.fastq.gz;ftp.sra.ebi.ac.uk/vol1/fastq/DRR234/DRR234851/DRR234851_2.fastq.gz";SAMD00232046
DRR234852;SAMD00232047;"ftp.sra.ebi.ac.uk/vol1/fastq/DRR234/DRR234852/DRR234852_1.fastq.gz;ftp.sra.ebi.ac.uk/vol1/fastq/DRR234/DRR234852/DRR234852_2.fastq.gz";SAMD00232047
DRR234853;SAMD00232048;"ftp.sra.ebi.ac.uk/vol1/fastq/DRR234/DRR234853/DRR234853_1.fastq.gz;ftp.sra.ebi.ac.uk/vol1/fastq/DRR234/DRR234853/DRR234853_2.fastq.gz";SAMD00232048
DRR234854;SAMD00232049;"ftp.sra.ebi.ac.uk/vol1/fastq/DRR234/DRR234854/DRR234854_1.fastq.gz;ftp.sra.ebi.ac.uk/vol1/fastq/DRR234/DRR234854/DRR234854_2.fastq.gz";SAMD00232049
DRR234855;SAMD00232050;"ftp.sra.ebi.ac.uk/vol1/fastq/DRR234/DRR234855/DRR234855_1.fastq.gz;ftp.sra.ebi.ac.uk/vol1/fastq/DRR234/DRR234855/DRR234855_2.fastq.gz";SAMD00232050
DRR234856;SAMD00232051;"ftp.sra.ebi.ac.uk/vol1/fastq/DRR234/DRR234856/DRR234856_1.fastq.gz;ftp.sra.ebi.ac.uk/vol1/fastq/DRR234/DRR234856/DRR234856_2.fastq.gz";SAMD00232051
DRR234857;SAMD00232052;"ftp.sra.ebi.ac.uk/vol1/fastq/DRR234/DRR234857/DRR234857_1.fastq.gz;ftp.sra.ebi.ac.uk/vol1/fastq/DRR234/DRR234857/DRR234857_2.fastq.gz";SAMD00232052
DRR234858;SAMD00232053;"ftp.sra.ebi.ac.uk/vol1/fastq/DRR234/DRR234858/DRR234858_1.fastq.gz;ftp.sra.ebi.ac.uk/vol1/fastq/DRR234/DRR234858/DRR234858_2.fastq.gz";SAMD00232053
DRR234859;SAMD00232054;"ftp.sra.ebi.ac.uk/vol1/fastq/DRR234/DRR234859/DRR234859_1.fastq.gz;ftp.sra.ebi.ac.uk/vol1/fastq/DRR234/DRR234859/DRR234859_2.fastq.gz";SAMD00232054
DRR234860;SAMD00232055;"ftp.sra.ebi.ac.uk/vol1/fastq/DRR234/DRR234860/DRR234860_1.fastq.gz;ftp.sra.ebi.ac.uk/vol1/fastq/DRR234/DRR234860/DRR234860_2.fastq.gz";SAMD00232055
DRR234861;SAMD00232056;"ftp.sra.ebi.ac.uk/vol1/fastq/DRR234/DRR234861/DRR234861_1.fastq.gz;ftp.sra.ebi.ac.uk/vol1/fastq/DRR234/DRR234861/DRR234861_2.fastq.gz";SAMD00232056
DRR234862;SAMD00232057;"ftp.sra.ebi.ac.uk/vol1/fastq/DRR234/DRR234862/DRR234862_1.fastq.gz;ftp.sra.ebi.ac.uk/vol1/fastq/DRR234/DRR234862/DRR234862_2.fastq.gz";SAMD00232057
DRR234863;SAMD00232058;"ftp.sra.ebi.ac.uk/vol1/fastq/DRR234/DRR234863/DRR234863_1.fastq.gz;ftp.sra.ebi.ac.uk/vol1/fastq/DRR234/DRR234863/DRR234863_2.fastq.gz";SAMD00232058
DRR234864;SAMD00232059;"ftp.sra.ebi.ac.uk/vol1/fastq/DRR234/DRR234864/DRR234864_1.fastq.gz;ftp.sra.ebi.ac.uk/vol1/fastq/DRR234/DRR234864/DRR234864_2.fastq.gz";SAMD00232059
DRR234865;SAMD00232060;"ftp.sra.ebi.ac.uk/vol1/fastq/DRR234/DRR234865/DRR234865_1.fastq.gz;ftp.sra.ebi.ac.uk/vol1/fastq/DRR234/DRR234865/DRR234865_2.fastq.gz";SAMD00232060
DRR234866;SAMD00232061;"ftp.sra.ebi.ac.uk/vol1/fastq/DRR234/DRR234866/DRR234866_1.fastq.gz;ftp.sra.ebi.ac.uk/vol1/fastq/DRR234/DRR234866/DRR234866_2.fastq.gz";SAMD00232061
DRR234867;SAMD00232062;"ftp.sra.ebi.ac.uk/vol1/fastq/DRR234/DRR234867/DRR234867_1.fastq.gz;ftp.sra.ebi.ac.uk/vol1/fastq/DRR234/DRR234867/DRR234867_2.fastq.gz";SAMD00232062
DRR234868;SAMD00232063;"ftp.sra.ebi.ac.uk/vol1/fastq/DRR234/DRR234868/DRR234868_1.fastq.gz;ftp.sra.ebi.ac.uk/vol1/fastq/DRR234/DRR234868/DRR234868_2.fastq.gz";SAMD00232063
DRR234869;SAMD00232064;"ftp.sra.ebi.ac.uk/vol1/fastq/DRR234/DRR234869/DRR234869_1.fastq.gz;ftp.sra.ebi.ac.uk/vol1/fastq/DRR234/DRR234869/DRR234869_2.fastq.gz";SAMD00232064
DRR234870;SAMD00232065;"ftp.sra.ebi.ac.uk/vol1/fastq/DRR234/DRR234870/DRR234870_1.fastq.gz;ftp.sra.ebi.ac.uk/vol1/fastq/DRR234/DRR234870/DRR234870_2.fastq.gz";SAMD00232065
DRR234871;SAMD00232066;"ftp.sra.ebi.ac.uk/vol1/fastq/DRR234/DRR234871/DRR234871_1.fastq.gz;ftp.sra.ebi.ac.uk/vol1/fastq/DRR234/DRR234871/DRR234871_2.fastq.gz";SAMD00232066
DRR234872;SAMD00232067;"ftp.sra.ebi.ac.uk/vol1/fastq/DRR234/DRR234872/DRR234872_1.fastq.gz;ftp.sra.ebi.ac.uk/vol1/fastq/DRR234/DRR234872/DRR234872_2.fastq.gz";SAMD00232067
DRR234873;SAMD00232068;"ftp.sra.ebi.ac.uk/vol1/fastq/DRR234/DRR234873/DRR234873_1.fastq.gz;ftp.sra.ebi.ac.uk/vol1/fastq/DRR234/DRR234873/DRR234873_2.fastq.gz";SAMD00232068
DRR234874;SAMD00232069;"ftp.sra.ebi.ac.uk/vol1/fastq/DRR234/DRR234874/DRR234874_1.fastq.gz;ftp.sra.ebi.ac.uk/vol1/fastq/DRR234/DRR234874/DRR234874_2.fastq.gz";SAMD00232069
DRR234875;SAMD00232070;"ftp.sra.ebi.ac.uk/vol1/fastq/DRR234/DRR234875/DRR234875_1.fastq.gz;ftp.sra.ebi.ac.uk/vol1/fastq/DRR234/DRR234875/DRR234875_2.fastq.gz";SAMD00232070
DRR234876;SAMD00232071;"ftp.sra.ebi.ac.uk/vol1/fastq/DRR234/DRR234876/DRR234876_1.fastq.gz;ftp.sra.ebi.ac.uk/vol1/fastq/DRR234/DRR234876/DRR234876_2.fastq.gz";SAMD00232071
DRR234877;SAMD00232072;"ftp.sra.ebi.ac.uk/vol1/fastq/DRR234/DRR234877/DRR234877_1.fastq.gz;ftp.sra.ebi.ac.uk/vol1/fastq/DRR234/DRR234877/DRR234877_2.fastq.gz";SAMD00232072
DRR234878;SAMD00232073;"ftp.sra.ebi.ac.uk/vol1/fastq/DRR234/DRR234878/DRR234878_1.fastq.gz;ftp.sra.ebi.ac.uk/vol1/fastq/DRR234/DRR234878/DRR234878_2.fastq.gz";SAMD00232073
DRR234879;SAMD00232074;"ftp.sra.ebi.ac.uk/vol1/fastq/DRR234/DRR234879/DRR234879_1.fastq.gz;ftp.sra.ebi.ac.uk/vol1/fastq/DRR234/DRR234879/DRR234879_2.fastq.gz";SAMD00232074
DRR234880;SAMD00232075;"ftp.sra.ebi.ac.uk/vol1/fastq/DRR234/DRR234880/DRR234880_1.fastq.gz;ftp.sra.ebi.ac.uk/vol1/fastq/DRR234/DRR234880/DRR234880_2.fastq.gz";SAMD00232075
DRR234881;SAMD00232076;"ftp.sra.ebi.ac.uk/vol1/fastq/DRR234/DRR234881/DRR234881_1.fastq.gz;ftp.sra.ebi.ac.uk/vol1/fastq/DRR234/DRR234881/DRR234881_2.fastq.gz";SAMD00232076
DRR234882;SAMD00232077;"ftp.sra.ebi.ac.uk/vol1/fastq/DRR234/DRR234882/DRR234882_1.fastq.gz;ftp.sra.ebi.ac.uk/vol1/fastq/DRR234/DRR234882/DRR234882_2.fastq.gz";SAMD00232077
DRR234883;SAMD00232078;"ftp.sra.ebi.ac.uk/vol1/fastq/DRR234/DRR234883/DRR234883_1.fastq.gz;ftp.sra.ebi.ac.uk/vol1/fastq/DRR234/DRR234883/DRR234883_2.fastq.gz";SAMD00232078
DRR234884;SAMD00232079;"ftp.sra.ebi.ac.uk/vol1/fastq/DRR234/DRR234884/DRR234884_1.fastq.gz;ftp.sra.ebi.ac.uk/vol1/fastq/DRR234/DRR234884/DRR234884_2.fastq.gz";SAMD00232079
DRR234885;SAMD00232080;"ftp.sra.ebi.ac.uk/vol1/fastq/DRR234/DRR234885/DRR234885_1.fastq.gz;ftp.sra.ebi.ac.uk/vol1/fastq/DRR234/DRR234885/DRR234885_2.fastq.gz";SAMD00232080
DRR234886;SAMD00232081;"ftp.sra.ebi.ac.uk/vol1/fastq/DRR234/DRR234886/DRR234886_1.fastq.gz;ftp.sra.ebi.ac.uk/vol1/fastq/DRR234/DRR234886/DRR234886_2.fastq.gz";SAMD00232081
DRR234887;SAMD00232082;"ftp.sra.ebi.ac.uk/vol1/fastq/DRR234/DRR234887/DRR234887_1.fastq.gz;ftp.sra.ebi.ac.uk/vol1/fastq/DRR234/DRR234887/DRR234887_2.fastq.gz";SAMD00232082
DRR234888;SAMD00232083;"ftp.sra.ebi.ac.uk/vol1/fastq/DRR234/DRR234888/DRR234888_1.fastq.gz;ftp.sra.ebi.ac.uk/vol1/fastq/DRR234/DRR234888/DRR234888_2.fastq.gz";SAMD00232083
DRR234889;SAMD00232084;"ftp.sra.ebi.ac.uk/vol1/fastq/DRR234/DRR234889/DRR234889_1.fastq.gz;ftp.sra.ebi.ac.uk/vol1/fastq/DRR234/DRR234889/DRR234889_2.fastq.gz";SAMD00232084
DRR234890;SAMD00232085;"ftp.sra.ebi.ac.uk/vol1/fastq/DRR234/DRR234890/DRR234890_1.fastq.gz;ftp.sra.ebi.ac.uk/vol1/fastq/DRR234/DRR234890/DRR234890_2.fastq.gz";SAMD00232085
DRR234891;SAMD00232086;"ftp.sra.ebi.ac.uk/vol1/fastq/DRR234/DRR234891/DRR234891_1.fastq.gz;ftp.sra.ebi.ac.uk/vol1/fastq/DRR234/DRR234891/DRR234891_2.fastq.gz";SAMD00232086
DRR234892;SAMD00232087;"ftp.sra.ebi.ac.uk/vol1/fastq/DRR234/DRR234892/DRR234892_1.fastq.gz;ftp.sra.ebi.ac.uk/vol1/fastq/DRR234/DRR234892/DRR234892_2.fastq.gz";SAMD00232087
DRR234893;SAMD00232088;"ftp.sra.ebi.ac.uk/vol1/fastq/DRR234/DRR234893/DRR234893_1.fastq.gz;ftp.sra.ebi.ac.uk/vol1/fastq/DRR234/DRR234893/DRR234893_2.fastq.gz";SAMD00232088
DRR234894;SAMD00232089;"ftp.sra.ebi.ac.uk/vol1/fastq/DRR234/DRR234894/DRR234894_1.fastq.gz;ftp.sra.ebi.ac.uk/vol1/fastq/DRR234/DRR234894/DRR234894_2.fastq.gz";SAMD00232089
DRR234895;SAMD00232090;"ftp.sra.ebi.ac.uk/vol1/fastq/DRR234/DRR234895/DRR234895_1.fastq.gz;ftp.sra.ebi.ac.uk/vol1/fastq/DRR234/DRR234895/DRR234895_2.fastq.gz";SAMD00232090
DRR234896;SAMD00232091;"ftp.sra.ebi.ac.uk/vol1/fastq/DRR234/DRR234896/DRR234896_1.fastq.gz;ftp.sra.ebi.ac.uk/vol1/fastq/DRR234/DRR234896/DRR234896_2.fastq.gz";SAMD00232091
DRR234897;SAMD00232092;"ftp.sra.ebi.ac.uk/vol1/fastq/DRR234/DRR234897/DRR234897_1.fastq.gz;ftp.sra.ebi.ac.uk/vol1/fastq/DRR234/DRR234897/DRR234897_2.fastq.gz";SAMD00232092
DRR234898;SAMD00232093;"ftp.sra.ebi.ac.uk/vol1/fastq/DRR234/DRR234898/DRR234898_1.fastq.gz;ftp.sra.ebi.ac.uk/vol1/fastq/DRR234/DRR234898/DRR234898_2.fastq.gz";SAMD00232093
DRR234899;SAMD00232094;"ftp.sra.ebi.ac.uk/vol1/fastq/DRR234/DRR234899/DRR234899_1.fastq.gz;ftp.sra.ebi.ac.uk/vol1/fastq/DRR234/DRR234899/DRR234899_2.fastq.gz";SAMD00232094
DRR234900;SAMD00232095;"ftp.sra.ebi.ac.uk/vol1/fastq/DRR234/DRR234900/DRR234900_1.fastq.gz;ftp.sra.ebi.ac.uk/vol1/fastq/DRR234/DRR234900/DRR234900_2.fastq.gz";SAMD00232095
DRR234901;SAMD00232096;"ftp.sra.ebi.ac.uk/vol1/fastq/DRR234/DRR234901/DRR234901_1.fastq.gz;ftp.sra.ebi.ac.uk/vol1/fastq/DRR234/DRR234901/DRR234901_2.fastq.gz";SAMD00232096
DRR234902;SAMD00232097;"ftp.sra.ebi.ac.uk/vol1/fastq/DRR234/DRR234902/DRR234902_1.fastq.gz;ftp.sra.ebi.ac.uk/vol1/fastq/DRR234/DRR234902/DRR234902_2.fastq.gz";SAMD00232097
DRR234903;SAMD00232098;"ftp.sra.ebi.ac.uk/vol1/fastq/DRR234/DRR234903/DRR234903_1.fastq.gz;ftp.sra.ebi.ac.uk/vol1/fastq/DRR234/DRR234903/DRR234903_2.fastq.gz";SAMD00232098
DRR234904;SAMD00232099;"ftp.sra.ebi.ac.uk/vol1/fastq/DRR234/DRR234904/DRR234904_1.fastq.gz;ftp.sra.ebi.ac.uk/vol1/fastq/DRR234/DRR234904/DRR234904_2.fastq.gz";SAMD00232099
DRR234905;SAMD00232100;"ftp.sra.ebi.ac.uk/vol1/fastq/DRR234/DRR234905/DRR234905_1.fastq.gz;ftp.sra.ebi.ac.uk/vol1/fastq/DRR234/DRR234905/DRR234905_2.fastq.gz";SAMD00232100
DRR234906;SAMD00232101;"ftp.sra.ebi.ac.uk/vol1/fastq/DRR234/DRR234906/DRR234906_1.fastq.gz;ftp.sra.ebi.ac.uk/vol1/fastq/DRR234/DRR234906/DRR234906_2.fastq.gz";SAMD00232101
DRR234907;SAMD00232102;"ftp.sra.ebi.ac.uk/vol1/fastq/DRR234/DRR234907/DRR234907_1.fastq.gz;ftp.sra.ebi.ac.uk/vol1/fastq/DRR234/DRR234907/DRR234907_2.fastq.gz";SAMD00232102
DRR234908;SAMD00232103;"ftp.sra.ebi.ac.uk/vol1/fastq/DRR234/DRR234908/DRR234908_1.fastq.gz;ftp.sra.ebi.ac.uk/vol1/fastq/DRR234/DRR234908/DRR234908_2.fastq.gz";SAMD00232103
DRR234909;SAMD00232104;"ftp.sra.ebi.ac.uk/vol1/fastq/DRR234/DRR234909/DRR234909_1.fastq.gz;ftp.sra.ebi.ac.uk/vol1/fastq/DRR234/DRR234909/DRR234909_2.fastq.gz";SAMD00232104
DRR234910;SAMD00232105;"ftp.sra.ebi.ac.uk/vol1/fastq/DRR234/DRR234910/DRR234910_1.fastq.gz;ftp.sra.ebi.ac.uk/vol1/fastq/DRR234/DRR234910/DRR234910_2.fastq.gz";SAMD00232105
DRR234911;SAMD00232106;"ftp.sra.ebi.ac.uk/vol1/fastq/DRR234/DRR234911/DRR234911_1.fastq.gz;ftp.sra.ebi.ac.uk/vol1/fastq/DRR234/DRR234911/DRR234911_2.fastq.gz";SAMD00232106
DRR234912;SAMD00232107;"ftp.sra.ebi.ac.uk/vol1/fastq/DRR234/DRR234912/DRR234912_1.fastq.gz;ftp.sra.ebi.ac.uk/vol1/fastq/DRR234/DRR234912/DRR234912_2.fastq.gz";SAMD00232107
DRR234913;SAMD00232108;"ftp.sra.ebi.ac.uk/vol1/fastq/DRR234/DRR234913/DRR234913_1.fastq.gz;ftp.sra.ebi.ac.uk/vol1/fastq/DRR234/DRR234913/DRR234913_2.fastq.gz";SAMD00232108
DRR234914;SAMD00232109;"ftp.sra.ebi.ac.uk/vol1/fastq/DRR234/DRR234914/DRR234914_1.fastq.gz;ftp.sra.ebi.ac.uk/vol1/fastq/DRR234/DRR234914/DRR234914_2.fastq.gz";SAMD00232109
DRR234915;SAMD00232110;"ftp.sra.ebi.ac.uk/vol1/fastq/DRR234/DRR234915/DRR234915_1.fastq.gz;ftp.sra.ebi.ac.uk/vol1/fastq/DRR234/DRR234915/DRR234915_2.fastq.gz";SAMD00232110
DRR234916;SAMD00232111;"ftp.sra.ebi.ac.uk/vol1/fastq/DRR234/DRR234916/DRR234916_1.fastq.gz;ftp.sra.ebi.ac.uk/vol1/fastq/DRR234/DRR234916/DRR234916_2.fastq.gz";SAMD00232111
DRR234917;SAMD00232112;"ftp.sra.ebi.ac.uk/vol1/fastq/DRR234/DRR234917/DRR234917_1.fastq.gz;ftp.sra.ebi.ac.uk/vol1/fastq/DRR234/DRR234917/DRR234917_2.fastq.gz";SAMD00232112
DRR234918;SAMD00232113;"ftp.sra.ebi.ac.uk/vol1/fastq/DRR234/DRR234918/DRR234918_1.fastq.gz;ftp.sra.ebi.ac.uk/vol1/fastq/DRR234/DRR234918/DRR234918_2.fastq.gz";SAMD00232113
DRR234919;SAMD00232114;"ftp.sra.ebi.ac.uk/vol1/fastq/DRR234/DRR234919/DRR234919_1.fastq.gz;ftp.sra.ebi.ac.uk/vol1/fastq/DRR234/DRR234919/DRR234919_2.fastq.gz";SAMD00232114
DRR234920;SAMD00232115;"ftp.sra.ebi.ac.uk/vol1/fastq/DRR234/DRR234920/DRR234920_1.fastq.gz;ftp.sra.ebi.ac.uk/vol1/fastq/DRR234/DRR234920/DRR234920_2.fastq.gz";SAMD00232115
DRR234921;SAMD00232116;"ftp.sra.ebi.ac.uk/vol1/fastq/DRR234/DRR234921/DRR234921_1.fastq.gz;ftp.sra.ebi.ac.uk/vol1/fastq/DRR234/DRR234921/DRR234921_2.fastq.gz";SAMD00232116
DRR234922;SAMD00232117;"ftp.sra.ebi.ac.uk/vol1/fastq/DRR234/DRR234922/DRR234922_1.fastq.gz;ftp.sra.ebi.ac.uk/vol1/fastq/DRR234/DRR234922/DRR234922_2.fastq.gz";SAMD00232117
DRR234923;SAMD00232118;"ftp.sra.ebi.ac.uk/vol1/fastq/DRR234/DRR234923/DRR234923_1.fastq.gz;ftp.sra.ebi.ac.uk/vol1/fastq/DRR234/DRR234923/DRR234923_2.fastq.gz";SAMD00232118
DRR234924;SAMD00232119;"ftp.sra.ebi.ac.uk/vol1/fastq/DRR234/DRR234924/DRR234924_1.fastq.gz;ftp.sra.ebi.ac.uk/vol1/fastq/DRR234/DRR234924/DRR234924_2.fastq.gz";SAMD00232119
DRR234925;SAMD00232120;"ftp.sra.ebi.ac.uk/vol1/fastq/DRR234/DRR234925/DRR234925_1.fastq.gz;ftp.sra.ebi.ac.uk/vol1/fastq/DRR234/DRR234925/DRR234925_2.fastq.gz";SAMD00232120
DRR234926;SAMD00232121;"ftp.sra.ebi.ac.uk/vol1/fastq/DRR234/DRR234926/DRR234926_1.fastq.gz;ftp.sra.ebi.ac.uk/vol1/fastq/DRR234/DRR234926/DRR234926_2.fastq.gz";SAMD00232121
DRR234927;SAMD00232122;"ftp.sra.ebi.ac.uk/vol1/fastq/DRR234/DRR234927/DRR234927_1.fastq.gz;ftp.sra.ebi.ac.uk/vol1/fastq/DRR234/DRR234927/DRR234927_2.fastq.gz";SAMD00232122
DRR234928;SAMD00232123;"ftp.sra.ebi.ac.uk/vol1/fastq/DRR234/DRR234928/DRR234928_1.fastq.gz;ftp.sra.ebi.ac.uk/vol1/fastq/DRR234/DRR234928/DRR234928_2.fastq.gz";SAMD00232123
DRR234929;SAMD00232124;"ftp.sra.ebi.ac.uk/vol1/fastq/DRR234/DRR234929/DRR234929_1.fastq.gz;ftp.sra.ebi.ac.uk/vol1/fastq/DRR234/DRR234929/DRR234929_2.fastq.gz";SAMD00232124
DRR234930;SAMD00232125;"ftp.sra.ebi.ac.uk/vol1/fastq/DRR234/DRR234930/DRR234930_1.fastq.gz;ftp.sra.ebi.ac.uk/vol1/fastq/DRR234/DRR234930/DRR234930_2.fastq.gz";SAMD00232125
DRR234931;SAMD00232126;"ftp.sra.ebi.ac.uk/vol1/fastq/DRR234/DRR234931/DRR234931_1.fastq.gz;ftp.sra.ebi.ac.uk/vol1/fastq/DRR234/DRR234931/DRR234931_2.fastq.gz";SAMD00232126
DRR234932;SAMD00232127;"ftp.sra.ebi.ac.uk/vol1/fastq/DRR234/DRR234932/DRR234932_1.fastq.gz;ftp.sra.ebi.ac.uk/vol1/fastq/DRR234/DRR234932/DRR234932_2.fastq.gz";SAMD00232127
DRR234933;SAMD00232128;"ftp.sra.ebi.ac.uk/vol1/fastq/DRR234/DRR234933/DRR234933_1.fastq.gz;ftp.sra.ebi.ac.uk/vol1/fastq/DRR234/DRR234933/DRR234933_2.fastq.gz";SAMD00232128
DRR234934;SAMD00232129;"ftp.sra.ebi.ac.uk/vol1/fastq/DRR234/DRR234934/DRR234934_1.fastq.gz;ftp.sra.ebi.ac.uk/vol1/fastq/DRR234/DRR234934/DRR234934_2.fastq.gz";SAMD00232129
DRR234935;SAMD00232130;"ftp.sra.ebi.ac.uk/vol1/fastq/DRR234/DRR234935/DRR234935_1.fastq.gz;ftp.sra.ebi.ac.uk/vol1/fastq/DRR234/DRR234935/DRR234935_2.fastq.gz";SAMD00232130
DRR234936;SAMD00232131;"ftp.sra.ebi.ac.uk/vol1/fastq/DRR234/DRR234936/DRR234936_1.fastq.gz;ftp.sra.ebi.ac.uk/vol1/fastq/DRR234/DRR234936/DRR234936_2.fastq.gz";SAMD00232131
DRR234937;SAMD00232132;"ftp.sra.ebi.ac.uk/vol1/fastq/DRR234/DRR234937/DRR234937_1.fastq.gz;ftp.sra.ebi.ac.uk/vol1/fastq/DRR234/DRR234937/DRR234937_2.fastq.gz";SAMD00232132
DRR234938;SAMD00232133;"ftp.sra.ebi.ac.uk/vol1/fastq/DRR234/DRR234938/DRR234938_1.fastq.gz;ftp.sra.ebi.ac.uk/vol1/fastq/DRR234/DRR234938/DRR234938_2.fastq.gz";SAMD00232133
DRR234939;SAMD00232134;"ftp.sra.ebi.ac.uk/vol1/fastq/DRR234/DRR234939/DRR234939_1.fastq.gz;ftp.sra.ebi.ac.uk/vol1/fastq/DRR234/DRR234939/DRR234939_2.fastq.gz";SAMD00232134
DRR234940;SAMD00232135;"ftp.sra.ebi.ac.uk/vol1/fastq/DRR234/DRR234940/DRR234940_1.fastq.gz;ftp.sra.ebi.ac.uk/vol1/fastq/DRR234/DRR234940/DRR234940_2.fastq.gz";SAMD00232135
DRR234941;SAMD00232136;"ftp.sra.ebi.ac.uk/vol1/fastq/DRR234/DRR234941/DRR234941_1.fastq.gz;ftp.sra.ebi.ac.uk/vol1/fastq/DRR234/DRR234941/DRR234941_2.fastq.gz";SAMD00232136
DRR234942;SAMD00232137;"ftp.sra.ebi.ac.uk/vol1/fastq/DRR234/DRR234942/DRR234942_1.fastq.gz;ftp.sra.ebi.ac.uk/vol1/fastq/DRR234/DRR234942/DRR234942_2.fastq.gz";SAMD00232137
DRR234943;SAMD00232138;"ftp.sra.ebi.ac.uk/vol1/fastq/DRR234/DRR234943/DRR234943_1.fastq.gz;ftp.sra.ebi.ac.uk/vol1/fastq/DRR234/DRR234943/DRR234943_2.fastq.gz";SAMD00232138
DRR234944;SAMD00232139;"ftp.sra.ebi.ac.uk/vol1/fastq/DRR234/DRR234944/DRR234944_1.fastq.gz;ftp.sra.ebi.ac.uk/vol1/fastq/DRR234/DRR234944/DRR234944_2.fastq.gz";SAMD00232139
DRR234945;SAMD00232140;"ftp.sra.ebi.ac.uk/vol1/fastq/DRR234/DRR234945/DRR234945_1.fastq.gz;ftp.sra.ebi.ac.uk/vol1/fastq/DRR234/DRR234945/DRR234945_2.fastq.gz";SAMD00232140
DRR234946;SAMD00232141;"ftp.sra.ebi.ac.uk/vol1/fastq/DRR234/DRR234946/DRR234946_1.fastq.gz;ftp.sra.ebi.ac.uk/vol1/fastq/DRR234/DRR234946/DRR234946_2.fastq.gz";SAMD00232141
DRR234947;SAMD00232142;"ftp.sra.ebi.ac.uk/vol1/fastq/DRR234/DRR234947/DRR234947_1.fastq.gz;ftp.sra.ebi.ac.uk/vol1/fastq/DRR234/DRR234947/DRR234947_2.fastq.gz";SAMD00232142
DRR234948;SAMD00232143;"ftp.sra.ebi.ac.uk/vol1/fastq/DRR234/DRR234948/DRR234948_1.fastq.gz;ftp.sra.ebi.ac.uk/vol1/fastq/DRR234/DRR234948/DRR234948_2.fastq.gz";SAMD00232143
DRR234949;SAMD00232144;"ftp.sra.ebi.ac.uk/vol1/fastq/DRR234/DRR234949/DRR234949_1.fastq.gz;ftp.sra.ebi.ac.uk/vol1/fastq/DRR234/DRR234949/DRR234949_2.fastq.gz";SAMD00232144
DRR234950;SAMD00232145;"ftp.sra.ebi.ac.uk/vol1/fastq/DRR234/DRR234950/DRR234950_1.fastq.gz;ftp.sra.ebi.ac.uk/vol1/fastq/DRR234/DRR234950/DRR234950_2.fastq.gz";SAMD00232145
DRR234951;SAMD00232146;"ftp.sra.ebi.ac.uk/vol1/fastq/DRR234/DRR234951/DRR234951_1.fastq.gz;ftp.sra.ebi.ac.uk/vol1/fastq/DRR234/DRR234951/DRR234951_2.fastq.gz";SAMD00232146
DRR234952;SAMD00232147;"ftp.sra.ebi.ac.uk/vol1/fastq/DRR234/DRR234952/DRR234952_1.fastq.gz;ftp.sra.ebi.ac.uk/vol1/fastq/DRR234/DRR234952/DRR234952_2.fastq.gz";SAMD00232147
DRR234953;SAMD00232148;"ftp.sra.ebi.ac.uk/vol1/fastq/DRR234/DRR234953/DRR234953_1.fastq.gz;ftp.sra.ebi.ac.uk/vol1/fastq/DRR234/DRR234953/DRR234953_2.fastq.gz";SAMD00232148
DRR234954;SAMD00232149;"ftp.sra.ebi.ac.uk/vol1/fastq/DRR234/DRR234954/DRR234954_1.fastq.gz;ftp.sra.ebi.ac.uk/vol1/fastq/DRR234/DRR234954/DRR234954_2.fastq.gz";SAMD00232149
